<?xml version="1.0" encoding="UTF-8" standalone="yes"?>
<!--
  ~ Copyright 2016 Netflix, Inc.
  ~
  ~ Licensed under the Apache License, Version 2.0 (the "License");
  ~ you may not use this file except in compliance with the License.
  ~ You may obtain a copy of the License at
  ~
  ~ http://www.apache.org/licenses/LICENSE-2.0
  ~
  ~ Unless required by applicable law or agreed to in writing, software
  ~ distributed under the License is distributed on an "AS IS" BASIS,
  ~ WITHOUT WARRANTIES OR CONDITIONS OF ANY KIND, either express or implied.
  ~ See the License for the specific language governing permissions and
  ~ limitations under the License.
  -->

<sbe:messageSchema xmlns:sbe="http://fixprotocol.io/2016/sbe"
                   package="baseline"
                   id="1"
                   version="0"
                   semanticVersion="5.2"
                   description="Messages used to setup Duplex AeronChannels"
                   byteOrder="littleEndian">
    <types>
        <composite name="messageHeader" description="Message identifiers and length of message root">
            <type name="blockLength" primitiveType="uint16"/>
            <type name="templateId" primitiveType="uint16"/>
            <type name="schemaId" primitiveType="uint16"/>
            <type name="version" primitiveType="uint16"/>
        </composite>
        <composite name="groupSizeEncoding" description="Repeating group dimensions">
            <type name="blockLength" primitiveType="uint16"/>
            <type name="numInGroup" primitiveType="uint16"/>
        </composite>
        <composite name="varDataEncoding">
            <type name="length" primitiveType="uint32" maxValue="1073741824"/>
            <type name="varData" primitiveType="uint8" length="0" characterEncoding="UTF-8"/>
        </composite>
    </types>
    <sbe:message name="Connect" id="1">
        <field name="channelId" id="1" type="int64" description="The AeronChannel id"/>
        <field name="sendingStreamId" id="2" type="int32" description="The stream id the connecting client will send traffic on"/>
        <field name="receivingStreamId" id="3" type="int32" description="The stream id the connecting client will receive data on"/>
        <field name="clientSessionId" id="4" type="int32" description="The session id for the client publication"/>
        <data name="sendingChannel" id="5" type="varDataEncoding" description="The Aeron channel the client will send data on" />
        <data name="receivingChannel" id="6" type="varDataEncoding" description="The Aeron channel the client will receive data on" />
        <data name="clientManagementChannel" id="6" type="varDataEncoding" description="The channel the client listens for management data on" />
    </sbe:message>
    <sbe:message name="AckConnect" id="2">
        <field name="channelId" id="1" type="int64" description="The AeronChannel id"/>
        <field name="serverSessionId" id="2" type="int32" description="The session id for the server publication"/>
    </sbe:message>
</sbe:messageSchema>
